{
  "name": "local file coworking pipeline",
  "status": "new",
  "workflow": {
    "type": "composite",
    "stages": [
      {
        "jobs": [
          {
            "name": "job_name_local",
            "params": {
              "static": {},
              "is_send_event": true,
              "is_save_snapshot": false,
              "result_previous_jobs": {
                "additionalProp1": "string",
                "additionalProp2": "string",
                "additionalProp3": "string"
              }
            },
            "detector": "ded-local-smart-coworking-detector",
            "detector_id": 1
          }
        ],
        "name": "stage_name_local",
        "wait_for": [
          "string"
        ],
        "condition": "string"
      }
    ],
    "event_shaper": {
      "name": "string"
    },
    "supported_data_units": [
      "frame"
    ],
    "supported_source_types": [
      "video_stream"
    ]
  },
  "parameters": {
    "Pipeline": {
      "config": {
        "draw": true,
        "modules_list": [
          {
            "submodules.classifier.classifier_service.Classifier": {
              "model_path": "models/MobileNetV2_192_d128_64_1_half_ft_15_newest.xml"
            }
          },
          {
            "submodules.counter_area.area_visitor_count.AreaVisitorCount": {
              "area_coords": {
                "0": [
                  372,
                  178,
                  216,
                  159
                ],
                "1": [
                  372,
                  337,
                  216,
                  310
                ],
                "2": [
                  588,
                  178,
                  216,
                  159
                ],
                "3": [
                  588,
                  337,
                  216,
                  310
                ]
              }
            }
          },
          {
            "submodules.counter_area.cash_desks.SetCashDeskStatus": {
              "kassa_config": {
                "kassa_1": {
                  "top_id": "0",
                  "bottom_id": "1"
                },
                "kassa_2": {
                  "top_id": "2",
                  "bottom_id": "3"
                }
              }
            }
          }
        ]
      },
      "input_queue": "detection",
      "output_queue": "result"
    },
    "DetectorService": {
      "config": {
        "config": {
          "device": "CPU",
          "cpu_ext": null,
          "det_thresh": 0.3,
          "plugin_dir": null,
          "detection_xml": "models/human_all_v09.2.xml"
        },
        "dict_key": "detections"
      },
      "input_queue": "input",
      "output_queue": "detection"
    }
  }
}
